{"cameraMode":{"drawMode":0,"name":"Shaded","section":"Shading Mode"},"sceneLighting":true,"audioPlay":false,"sceneViewState":{"showFog":true,"showMaterialUpdate":true,"showSkybox":true,"showFlares":true,"showImageEffects":true,"showParticleSystems":true},"in2DMode":false,"pivot":{"x":5.7919020652771,"y":13.772109031677246,"z":2.4356796741485597},"rotation":{"x":-0.37562310695648196,"y":0.007171565666794777,"z":-0.0047209905460476879,"w":-0.9272345900535584},"size":18.418323516845704,"orthographic":false}